id,pm1,pm25,pm10,aqi,aqi_category,temperature,humidity,gas_resistance,created_at
1,77,135,144,192,Unhealthy,29.7,44.7,47,2026-02-07 15:12:54.037839+00
2,77,135,144,192,Unhealthy,29.7,44.7,47,2026-02-07 15:14:00.914321+00
3,68,116,120,182,Unhealthy,29.57,44.18,14,2026-02-07 15:19:43.979309+00
4,67,117,124,182,Unhealthy,29.55,44.17,16,2026-02-07 15:19:49.568956+00
5,68,118,125,183,Unhealthy,29.55,44.21,19,2026-02-07 15:19:54.811059+00
6,67,116,124,182,Unhealthy,29.55,44.25,20,2026-02-07 15:20:00.061109+00
7,65,115,121,181,Unhealthy,29.55,44.29,22,2026-02-07 15:20:05.302176+00
8,66,115,120,181,Unhealthy,29.55,44.47,22,2026-02-07 15:20:10.545831+00
9,67,116,121,182,Unhealthy,29.56,44.32,23,2026-02-07 15:20:15.789977+00
10,67,117,124,182,Unhealthy,29.56,44.18,24,2026-02-07 15:20:21.034082+00
11,67,114,122,181,Unhealthy,29.56,44.48,24,2026-02-07 15:20:26.283795+00
12,67,113,121,180,Unhealthy,29.56,44.36,25,2026-02-07 15:20:31.529671+00
13,68,112,118,180,Unhealthy,29.56,44.17,25,2026-02-07 15:20:36.767032+00
14,67,111,119,179,Unhealthy,29.56,44.12,25,2026-02-07 15:20:42.008695+00
15,68,114,121,181,Unhealthy,29.56,44.13,25,2026-02-07 15:20:47.253903+00
16,68,114,120,181,Unhealthy,29.56,44.19,25,2026-02-07 15:20:52.501574+00
17,68,113,120,180,Unhealthy,29.57,44.29,26,2026-02-07 15:20:57.741358+00
18,67,111,119,179,Unhealthy,29.57,44.23,26,2026-02-07 15:21:02.985737+00
19,68,112,120,180,Unhealthy,29.57,44.11,26,2026-02-07 15:21:08.228564+00
20,68,113,122,180,Unhealthy,29.57,44.04,26,2026-02-07 15:21:13.472777+00
21,69,116,126,182,Unhealthy,29.56,44.06,26,2026-02-07 15:21:18.717871+00
22,68,117,125,182,Unhealthy,29.56,44.1,26,2026-02-07 15:21:23.962949+00
23,68,117,124,182,Unhealthy,29.56,44.18,26,2026-02-07 15:21:29.210691+00
24,67,115,122,181,Unhealthy,29.56,44.16,26,2026-02-07 15:21:34.456921+00
25,69,117,124,182,Unhealthy,29.55,44.15,26,2026-02-07 15:21:39.702867+00
26,68,114,122,181,Unhealthy,29.55,44.11,26,2026-02-07 15:21:44.943496+00
27,68,114,122,181,Unhealthy,29.55,44.06,26,2026-02-07 15:21:50.188591+00
28,68,113,120,180,Unhealthy,29.54,44.05,26,2026-02-07 15:21:55.434838+00
29,68,114,119,181,Unhealthy,29.54,44.03,26,2026-02-07 15:22:00.681313+00
30,68,114,118,181,Unhealthy,29.54,44.01,26,2026-02-07 15:22:05.925973+00
31,70,116,121,182,Unhealthy,29.54,44.03,26,2026-02-07 15:22:11.171677+00
32,70,118,123,183,Unhealthy,29.54,44.01,26,2026-02-07 15:22:16.411881+00
33,69,117,122,182,Unhealthy,29.54,44,26,2026-02-07 15:22:21.659851+00
34,69,115,121,181,Unhealthy,29.55,44.01,26,2026-02-07 15:22:26.901753+00
35,69,115,120,181,Unhealthy,29.55,44,26,2026-02-07 15:22:32.14322+00
36,70,116,122,182,Unhealthy,29.55,44.01,26,2026-02-07 15:22:37.392771+00
37,69,118,123,183,Unhealthy,29.55,44.03,26,2026-02-07 15:22:42.634172+00
38,69,118,124,183,Unhealthy,29.55,44.04,26,2026-02-07 15:22:47.88311+00
39,70,120,125,184,Unhealthy,29.55,44.06,26,2026-02-07 15:22:53.128572+00
40,70,122,127,185,Unhealthy,29.55,44.09,26,2026-02-07 15:22:58.368911+00
41,70,121,126,184,Unhealthy,29.55,44.1,26,2026-02-07 15:23:03.613759+00
42,71,123,129,185,Unhealthy,29.55,44.11,26,2026-02-07 15:23:08.86071+00
43,70,120,128,184,Unhealthy,29.55,44.13,26,2026-02-07 15:23:14.102776+00
44,70,121,130,184,Unhealthy,29.55,44.12,26,2026-02-07 15:23:19.343756+00
45,70,121,129,184,Unhealthy,29.55,44.13,26,2026-02-07 15:23:24.591999+00
46,71,123,131,185,Unhealthy,29.55,44.15,26,2026-02-07 15:23:29.832045+00
47,72,127,135,187,Unhealthy,29.54,44.15,26,2026-02-07 15:23:35.07985+00
48,71,125,133,186,Unhealthy,29.54,44.19,26,2026-02-07 15:23:40.326502+00
49,72,125,135,186,Unhealthy,29.54,44.18,26,2026-02-07 15:23:45.571861+00
50,71,124,133,186,Unhealthy,29.54,44.15,26,2026-02-07 15:23:50.812997+00
51,71,123,132,185,Unhealthy,29.54,44.1,26,2026-02-07 15:23:56.054514+00
52,73,127,136,187,Unhealthy,29.54,44.03,26,2026-02-07 15:24:01.298449+00
53,72,124,133,186,Unhealthy,29.54,44.01,26,2026-02-07 15:24:06.54397+00
54,73,127,136,187,Unhealthy,29.54,43.98,26,2026-02-07 15:24:11.786983+00
55,73,126,138,187,Unhealthy,29.54,43.97,26,2026-02-07 15:24:17.032016+00
56,71,123,135,185,Unhealthy,29.54,43.96,26,2026-02-07 15:24:22.283454+00
57,71,122,132,185,Unhealthy,29.53,44,26,2026-02-07 15:24:27.520353+00
58,72,125,134,186,Unhealthy,29.53,44.02,26,2026-02-07 15:24:32.76303+00
59,72,125,131,186,Unhealthy,29.53,44.02,26,2026-02-07 15:24:38.008301+00
60,72,125,130,186,Unhealthy,29.53,44,26,2026-02-07 15:24:43.253172+00
61,73,124,128,186,Unhealthy,29.53,43.98,26,2026-02-07 15:24:48.501419+00
62,74,126,132,187,Unhealthy,29.53,43.97,26,2026-02-07 15:24:53.736171+00
63,73,127,137,187,Unhealthy,29.53,43.97,26,2026-02-07 15:24:58.98592+00
64,74,129,140,188,Unhealthy,29.53,43.97,26,2026-02-07 15:25:04.229551+00
65,74,128,138,188,Unhealthy,29.53,43.95,26,2026-02-07 15:25:09.470685+00
66,73,125,135,186,Unhealthy,29.52,43.95,26,2026-02-07 15:25:14.717956+00
67,73,125,133,186,Unhealthy,29.52,43.93,26,2026-02-07 15:25:19.958298+00
68,74,125,132,186,Unhealthy,29.51,43.93,26,2026-02-07 15:25:25.205479+00
69,73,124,131,186,Unhealthy,29.51,43.93,26,2026-02-07 15:25:30.446388+00
70,73,126,133,187,Unhealthy,29.51,43.95,26,2026-02-07 15:25:35.689429+00
71,73,124,133,186,Unhealthy,29.51,43.97,26,2026-02-07 15:25:40.93698+00
72,72,122,131,185,Unhealthy,29.5,43.97,26,2026-02-07 15:25:46.180143+00
73,74,126,135,187,Unhealthy,29.5,43.98,26,2026-02-07 15:25:51.428324+00
74,73,125,133,186,Unhealthy,29.51,44,26,2026-02-07 15:25:56.670463+00
75,73,124,133,186,Unhealthy,29.51,44.2,26,2026-02-07 15:26:01.91541+00
76,73,122,132,185,Unhealthy,29.51,44.87,25,2026-02-07 15:26:07.161218+00
77,73,122,133,185,Unhealthy,29.52,45.12,25,2026-02-07 15:26:12.402782+00
78,74,123,133,185,Unhealthy,29.53,45.17,25,2026-02-07 15:26:17.652205+00
79,71,122,129,185,Unhealthy,29.53,45.19,25,2026-02-07 15:26:22.896107+00
80,72,123,130,185,Unhealthy,29.54,45.31,25,2026-02-07 15:26:28.135576+00
81,71,122,127,185,Unhealthy,29.55,45.94,25,2026-02-07 15:26:33.383176+00
82,72,123,128,185,Unhealthy,29.55,46.37,25,2026-02-07 15:26:38.627527+00
83,70,119,125,183,Unhealthy,29.56,46.83,24,2026-02-07 15:26:43.870303+00
84,70,118,124,183,Unhealthy,29.56,46.41,25,2026-02-07 15:26:49.117137+00
85,69,118,123,183,Unhealthy,29.57,45.99,25,2026-02-07 15:26:54.359179+00
86,71,119,125,183,Unhealthy,29.57,45.89,25,2026-02-07 15:26:59.602636+00
87,72,121,126,184,Unhealthy,29.57,45.51,25,2026-02-07 15:27:04.853852+00
88,71,121,125,184,Unhealthy,29.57,45.09,25,2026-02-07 15:27:10.093972+00
89,72,124,128,186,Unhealthy,29.57,44.77,25,2026-02-07 15:27:15.337678+00
90,71,123,126,185,Unhealthy,29.57,44.73,25,2026-02-07 15:27:20.584101+00
91,70,121,124,184,Unhealthy,29.56,44.78,25,2026-02-07 15:27:25.827943+00
92,71,122,124,185,Unhealthy,29.56,44.55,25,2026-02-07 15:27:31.07121+00
93,71,121,125,184,Unhealthy,29.56,44.39,25,2026-02-07 15:27:36.32392+00
94,72,123,128,185,Unhealthy,29.55,44.3,25,2026-02-07 15:27:41.564273+00
95,73,124,131,186,Unhealthy,29.55,44.25,25,2026-02-07 15:27:46.929663+00
96,73,126,132,187,Unhealthy,29.54,44.27,25,2026-02-07 15:27:52.053809+00
97,71,123,130,185,Unhealthy,29.54,44.27,25,2026-02-07 15:27:57.295097+00
98,71,124,130,186,Unhealthy,29.53,44.26,25,2026-02-07 15:28:02.538932+00
99,71,125,131,186,Unhealthy,29.53,44.28,24,2026-02-07 15:28:07.783782+00
100,72,126,131,187,Unhealthy,29.53,44.32,24,2026-02-07 15:28:13.029566+00
101,71,124,128,186,Unhealthy,29.54,44.33,24,2026-02-07 15:28:18.283608+00
102,71,125,129,186,Unhealthy,29.53,44.3,24,2026-02-07 15:28:23.524644+00
103,71,123,128,185,Unhealthy,29.53,44.24,24,2026-02-07 15:28:28.762798+00
104,70,120,126,184,Unhealthy,29.54,44.24,24,2026-02-07 15:28:30.518888+00
105,70,121,128,184,Unhealthy,29.53,44.29,24,2026-02-07 15:28:39.259635+00
106,70,120,128,184,Unhealthy,29.53,44.3,24,2026-02-07 15:28:44.502001+00
107,70,119,127,183,Unhealthy,29.53,44.28,24,2026-02-07 15:28:49.746119+00
108,70,119,125,183,Unhealthy,29.52,44.28,24,2026-02-07 15:28:54.99159+00
109,72,120,126,184,Unhealthy,29.52,44.29,24,2026-02-07 15:29:00.235306+00
110,72,116,123,182,Unhealthy,29.52,44.26,24,2026-02-07 15:29:05.478038+00
111,74,118,125,183,Unhealthy,29.52,44.23,24,2026-02-07 15:29:10.725329+00
112,72,115,123,181,Unhealthy,29.52,44.18,24,2026-02-07 15:29:15.969854+00
113,72,116,123,182,Unhealthy,29.53,44.26,24,2026-02-07 15:29:21.217927+00
114,73,116,123,182,Unhealthy,29.53,44.29,24,2026-02-07 15:29:26.456274+00
115,72,118,123,183,Unhealthy,29.53,44.25,24,2026-02-07 15:29:31.702876+00
116,71,118,124,183,Unhealthy,29.52,44.2,24,2026-02-07 15:29:36.951968+00
117,72,121,127,184,Unhealthy,29.52,44.26,24,2026-02-07 15:29:42.192766+00
118,73,121,127,184,Unhealthy,29.52,44.31,24,2026-02-07 15:29:47.43952+00
119,72,120,124,184,Unhealthy,29.53,44.36,24,2026-02-07 15:29:52.676504+00
120,71,117,122,182,Unhealthy,29.53,44.4,24,2026-02-07 15:29:57.922139+00
121,71,117,121,182,Unhealthy,29.53,44.41,24,2026-02-07 15:30:03.165822+00
122,71,118,123,183,Unhealthy,29.53,44.39,24,2026-02-07 15:30:08.41613+00
123,72,121,126,184,Unhealthy,29.53,44.43,24,2026-02-07 15:30:13.653674+00
124,72,120,125,184,Unhealthy,29.53,44.46,24,2026-02-07 15:30:18.896866+00
125,72,120,126,184,Unhealthy,29.53,44.43,24,2026-02-07 15:30:24.201226+00
126,72,120,127,184,Unhealthy,29.53,44.43,24,2026-02-07 15:30:29.386631+00
127,71,119,127,183,Unhealthy,29.53,44.38,24,2026-02-07 15:30:34.636471+00
128,71,121,128,184,Unhealthy,29.53,44.36,24,2026-02-07 15:30:39.883767+00
129,73,123,132,185,Unhealthy,29.53,44.39,23,2026-02-07 15:30:45.1217+00
130,74,124,133,186,Unhealthy,29.54,44.46,23,2026-02-07 15:30:50.368785+00
131,74,126,134,187,Unhealthy,29.54,44.58,23,2026-02-07 15:30:55.611563+00
132,71,123,131,185,Unhealthy,29.54,44.65,23,2026-02-07 15:31:00.853756+00
133,71,121,129,184,Unhealthy,29.54,44.65,23,2026-02-07 15:31:06.100636+00
134,71,120,126,184,Unhealthy,29.54,44.65,24,2026-02-07 15:31:11.341686+00
135,72,123,128,185,Unhealthy,29.54,44.63,24,2026-02-07 15:31:16.587343+00
136,71,120,126,184,Unhealthy,29.54,44.58,24,2026-02-07 15:31:21.833122+00
137,72,122,128,185,Unhealthy,29.55,44.54,24,2026-02-07 15:31:27.077651+00
138,71,121,130,184,Unhealthy,29.55,44.89,23,2026-02-07 15:31:32.318094+00
139,70,119,129,183,Unhealthy,29.55,45.01,23,2026-02-07 15:31:37.558633+00
140,71,117,127,182,Unhealthy,29.55,44.79,23,2026-02-07 15:31:42.804075+00
141,71,117,126,182,Unhealthy,29.55,44.64,23,2026-02-07 15:31:48.051553+00
142,72,121,129,184,Unhealthy,29.55,44.58,24,2026-02-07 15:31:53.291994+00
143,72,120,128,184,Unhealthy,29.54,44.53,24,2026-02-07 15:31:58.536529+00
144,71,117,124,182,Unhealthy,29.54,44.57,24,2026-02-07 15:32:03.780604+00
145,72,118,125,183,Unhealthy,29.54,44.61,23,2026-02-07 15:32:09.023384+00
146,71,119,127,183,Unhealthy,29.54,44.64,24,2026-02-07 15:32:14.272529+00
147,73,122,129,185,Unhealthy,29.54,44.63,24,2026-02-07 15:32:19.525529+00
148,71,122,129,185,Unhealthy,29.54,44.57,23,2026-02-07 15:32:24.757226+00
149,70,123,130,185,Unhealthy,29.54,44.53,23,2026-02-07 15:32:30.001978+00
150,69,123,130,185,Unhealthy,29.54,44.57,23,2026-02-07 15:32:35.247543+00
151,69,123,130,185,Unhealthy,29.54,44.6,24,2026-02-07 15:32:40.490729+00
152,70,124,130,186,Unhealthy,29.54,44.65,23,2026-02-07 15:32:45.736426+00
153,69,122,129,185,Unhealthy,29.55,44.73,23,2026-02-07 15:32:50.977936+00
154,69,120,128,184,Unhealthy,29.55,44.7,23,2026-02-07 15:32:56.22288+00
155,70,121,127,184,Unhealthy,29.55,44.64,23,2026-02-07 15:33:01.466122+00
156,72,122,128,185,Unhealthy,29.55,44.62,23,2026-02-07 15:33:06.711229+00
157,72,122,129,185,Unhealthy,29.55,44.66,23,2026-02-07 15:33:11.958539+00
158,72,122,131,185,Unhealthy,29.55,44.62,23,2026-02-07 15:33:17.20071+00
159,70,119,126,183,Unhealthy,29.55,44.94,23,2026-02-07 15:33:22.447237+00
160,69,120,127,184,Unhealthy,29.56,45.37,23,2026-02-07 15:33:27.6889+00
161,70,122,129,185,Unhealthy,29.56,45.2,23,2026-02-07 15:33:32.93707+00
162,70,120,128,184,Unhealthy,29.57,44.96,23,2026-02-07 15:33:38.176979+00
163,72,120,129,184,Unhealthy,29.57,44.86,23,2026-02-07 15:33:43.425344+00
164,72,118,127,183,Unhealthy,29.57,44.77,23,2026-02-07 15:33:48.667375+00
165,71,118,125,183,Unhealthy,29.57,44.68,23,2026-02-07 15:33:53.914477+00
166,73,120,127,184,Unhealthy,29.57,44.64,23,2026-02-07 15:33:59.155675+00
167,72,119,126,183,Unhealthy,29.57,44.61,23,2026-02-07 15:34:04.399912+00
168,74,123,130,185,Unhealthy,29.56,44.61,23,2026-02-07 15:34:09.646356+00
169,72,120,127,184,Unhealthy,29.57,44.72,23,2026-02-07 15:34:14.889194+00
170,73,124,129,186,Unhealthy,29.57,44.76,23,2026-02-07 15:34:20.132854+00
171,73,123,128,185,Unhealthy,29.57,44.75,23,2026-02-07 15:34:25.377319+00
172,74,124,129,186,Unhealthy,29.57,44.69,23,2026-02-07 15:34:30.624909+00
173,74,121,128,184,Unhealthy,29.57,44.64,23,2026-02-07 15:34:35.877968+00
174,72,119,125,183,Unhealthy,29.57,44.69,23,2026-02-07 15:34:41.115927+00
175,71,119,125,183,Unhealthy,29.57,44.74,23,2026-02-07 15:34:46.356899+00
176,71,119,126,183,Unhealthy,29.58,44.87,23,2026-02-07 15:34:51.603714+00
177,71,121,128,184,Unhealthy,29.58,44.89,23,2026-02-07 15:34:56.844402+00
178,70,120,126,184,Unhealthy,29.57,44.78,23,2026-02-07 15:35:02.0911+00
179,72,120,125,184,Unhealthy,29.57,44.78,23,2026-02-07 15:35:07.339732+00
180,72,120,125,184,Unhealthy,29.58,44.81,23,2026-02-07 15:35:12.580092+00
181,72,121,126,184,Unhealthy,29.58,44.9,23,2026-02-07 15:35:17.823996+00
182,71,121,126,184,Unhealthy,29.58,45.14,23,2026-02-07 15:35:23.077555+00
183,70,119,124,183,Unhealthy,29.59,45.4,23,2026-02-07 15:35:28.315362+00
184,69,119,123,183,Unhealthy,29.59,45.37,23,2026-02-07 15:35:33.559861+00
185,72,122,125,185,Unhealthy,29.59,45.29,23,2026-02-07 15:35:38.805668+00
186,73,122,126,185,Unhealthy,29.59,45.31,23,2026-02-07 15:35:44.049818+00
187,73,121,125,184,Unhealthy,29.6,45.3,23,2026-02-07 15:35:49.295516+00
188,73,121,126,184,Unhealthy,29.6,45.32,23,2026-02-07 15:35:54.540155+00
189,72,122,128,185,Unhealthy,29.61,45.26,23,2026-02-07 15:35:59.782979+00
190,71,121,127,184,Unhealthy,29.61,45.21,23,2026-02-07 15:36:05.026893+00
191,71,121,129,184,Unhealthy,29.61,45.18,23,2026-02-07 15:36:10.273529+00
192,72,121,130,184,Unhealthy,29.61,45.12,23,2026-02-07 15:36:15.516164+00
193,72,123,131,185,Unhealthy,29.61,45.08,23,2026-02-07 15:36:20.761784+00
194,71,122,129,185,Unhealthy,29.61,45.09,23,2026-02-07 15:36:26.001838+00
195,71,125,131,186,Unhealthy,29.61,45.08,23,2026-02-07 15:36:31.252023+00
196,70,123,129,185,Unhealthy,29.61,45.13,23,2026-02-07 15:36:35.860023+00
197,71,122,130,185,Unhealthy,29.61,45.18,23,2026-02-07 15:36:40.869003+00
198,69,119,128,183,Unhealthy,29.61,45.23,23,2026-02-07 15:36:46.202735+00
199,70,121,129,184,Unhealthy,29.61,45.28,23,2026-02-07 15:37:00.436896+00
200,71,121,128,184,Unhealthy,29.61,45.22,23,2026-02-07 15:37:00.763955+00
201,72,121,126,184,Unhealthy,29.61,45.15,23,2026-02-07 15:37:01.03269+00
202,72,122,127,185,Unhealthy,29.6,45.12,23,2026-02-07 15:37:04.314908+00
203,71,121,126,184,Unhealthy,29.6,45.13,23,2026-02-07 15:37:10.422602+00
204,72,123,129,185,Unhealthy,29.6,45.11,23,2026-02-07 15:37:15.422139+00
205,73,124,128,186,Unhealthy,29.6,45.12,23,2026-02-07 15:37:20.331729+00
206,72,123,129,185,Unhealthy,29.6,45.14,23,2026-02-07 15:37:25.334935+00
207,71,121,126,184,Unhealthy,29.6,45.17,23,2026-02-07 15:37:30.320954+00
208,70,120,127,184,Unhealthy,29.6,45.26,23,2026-02-07 15:37:35.325943+00
209,70,122,128,185,Unhealthy,29.59,45.23,23,2026-02-07 15:37:40.318934+00
210,70,122,128,185,Unhealthy,29.59,45.15,23,2026-02-07 15:37:45.320914+00
211,70,122,128,185,Unhealthy,29.59,45.1,23,2026-02-07 15:37:50.329771+00
212,70,122,128,185,Unhealthy,29.59,45.19,23,2026-02-07 15:37:55.330789+00
213,70,120,127,184,Unhealthy,29.59,45.29,23,2026-02-07 15:38:05.331064+00
214,70,120,128,184,Unhealthy,29.59,45.38,23,2026-02-07 15:38:10.33856+00
215,71,121,129,184,Unhealthy,29.59,45.47,23,2026-02-07 15:38:15.330871+00
216,71,121,128,184,Unhealthy,29.59,45.55,23,2026-02-07 15:38:20.331059+00
217,72,123,131,185,Unhealthy,29.59,45.63,23,2026-02-07 15:38:25.329654+00
218,70,120,128,184,Unhealthy,29.59,45.66,23,2026-02-07 15:38:30.324957+00
219,71,121,128,184,Unhealthy,29.59,45.62,23,2026-02-07 15:38:35.318881+00
220,70,120,126,184,Unhealthy,29.59,45.57,23,2026-02-07 15:38:40.327089+00
221,69,119,125,183,Unhealthy,29.59,45.5,23,2026-02-07 15:38:45.327258+00
222,70,121,128,184,Unhealthy,29.59,45.45,23,2026-02-07 15:38:50.330657+00
223,70,122,129,185,Unhealthy,29.58,45.34,23,2026-02-07 15:38:55.32444+00
224,70,122,130,185,Unhealthy,29.58,45.24,23,2026-02-07 15:39:00.324495+00
225,69,119,127,183,Unhealthy,29.58,45.46,23,2026-02-07 15:39:05.329356+00
226,69,119,126,183,Unhealthy,29.58,45.55,23,2026-02-07 15:39:10.326421+00
227,69,119,127,183,Unhealthy,29.58,45.63,23,2026-02-07 15:39:15.319545+00
228,70,120,127,184,Unhealthy,29.57,45.86,23,2026-02-07 15:39:20.323707+00
229,68,119,126,183,Unhealthy,29.56,46,23,2026-02-07 15:39:25.328086+00
230,69,121,128,184,Unhealthy,29.56,46.02,23,2026-02-07 15:39:30.323757+00
231,68,121,129,184,Unhealthy,29.56,46.06,23,2026-02-07 15:39:35.317629+00
232,70,124,132,186,Unhealthy,29.57,46.06,23,2026-02-07 15:39:40.322062+00
233,71,125,134,186,Unhealthy,29.57,46.03,23,2026-02-07 15:39:50.318905+00
234,71,125,132,186,Unhealthy,29.57,46.03,23,2026-02-07 15:39:55.327195+00
235,71,121,127,184,Unhealthy,29.58,46.08,23,2026-02-07 15:40:00.332089+00
236,71,119,125,183,Unhealthy,29.58,46.22,23,2026-02-07 15:40:05.319612+00
237,71,119,124,183,Unhealthy,29.58,46.27,23,2026-02-07 15:40:10.330346+00
238,70,119,124,183,Unhealthy,29.59,46.31,23,2026-02-07 15:40:15.326078+00
239,69,119,124,183,Unhealthy,29.59,46.38,23,2026-02-07 15:40:20.330255+00
240,71,120,126,184,Unhealthy,29.59,46.28,22,2026-02-07 15:40:25.321707+00
241,70,119,125,183,Unhealthy,29.59,46.17,22,2026-02-07 15:40:30.319082+00
242,72,120,126,184,Unhealthy,29.59,46.13,23,2026-02-07 15:40:35.330331+00
243,72,120,128,184,Unhealthy,29.59,46.14,23,2026-02-07 15:40:40.325624+00
244,72,123,132,185,Unhealthy,29.59,46.15,23,2026-02-07 15:40:45.339406+00
245,72,123,133,185,Unhealthy,29.58,46.16,22,2026-02-07 15:40:50.32503+00
246,73,126,136,187,Unhealthy,29.58,46.12,22,2026-02-07 15:40:55.32756+00
247,73,125,137,186,Unhealthy,29.58,46.11,23,2026-02-07 15:41:00.329872+00
248,73,125,136,186,Unhealthy,29.58,46.13,23,2026-02-07 15:41:05.32253+00
249,71,123,133,185,Unhealthy,29.58,46.15,23,2026-02-07 15:41:10.31953+00
250,72,123,133,185,Unhealthy,29.58,46.15,23,2026-02-07 15:41:15.32119+00
251,72,122,133,185,Unhealthy,29.58,46.2,23,2026-02-07 15:41:20.318486+00
252,72,121,133,184,Unhealthy,29.58,46.21,23,2026-02-07 15:41:25.329975+00
253,73,122,132,185,Unhealthy,29.58,46.2,23,2026-02-07 15:41:30.338105+00
254,71,119,128,183,Unhealthy,29.58,46.16,22,2026-02-07 15:41:40.320888+00
255,73,121,128,184,Unhealthy,29.58,46.15,22,2026-02-07 15:41:45.679132+00
256,71,121,128,184,Unhealthy,29.57,46.12,23,2026-02-07 15:41:50.332234+00
257,72,123,129,185,Unhealthy,29.57,46.09,22,2026-02-07 15:41:55.320758+00
258,72,123,129,185,Unhealthy,29.57,46.06,22,2026-02-07 15:42:00.332124+00
259,74,125,130,186,Unhealthy,29.57,46.01,22,2026-02-07 15:42:05.31573+00
260,71,123,127,185,Unhealthy,29.57,45.97,22,2026-02-07 15:42:10.326233+00
261,72,124,128,186,Unhealthy,29.57,45.96,22,2026-02-07 15:42:15.32604+00
262,73,122,127,185,Unhealthy,29.57,45.92,22,2026-02-07 15:42:20.333357+00
263,73,121,128,184,Unhealthy,29.57,45.85,22,2026-02-07 15:42:25.323701+00
264,72,121,128,184,Unhealthy,29.57,45.79,22,2026-02-07 15:42:30.329888+00
265,72,121,128,184,Unhealthy,29.57,45.76,22,2026-02-07 15:42:35.328161+00
266,71,120,127,184,Unhealthy,29.57,45.87,22,2026-02-07 15:42:40.326323+00
267,72,121,127,184,Unhealthy,29.57,46.08,22,2026-02-07 15:42:45.330266+00
268,74,123,131,185,Unhealthy,29.57,46.08,22,2026-02-07 15:42:50.316835+00
269,74,123,130,185,Unhealthy,29.57,45.89,22,2026-02-07 15:42:55.319666+00
270,72,121,127,184,Unhealthy,29.56,45.76,22,2026-02-07 15:43:00.320899+00
271,74,123,132,185,Unhealthy,29.56,45.69,22,2026-02-07 15:43:05.323265+00
272,74,124,132,186,Unhealthy,29.56,45.68,22,2026-02-07 15:43:10.319013+00
273,74,127,135,187,Unhealthy,29.55,45.69,22,2026-02-07 15:43:15.32327+00
274,74,126,135,187,Unhealthy,29.55,45.71,22,2026-02-07 15:43:25.328583+00
275,73,123,130,185,Unhealthy,29.55,45.73,22,2026-02-07 15:43:30.32717+00
276,73,124,129,186,Unhealthy,29.55,45.75,22,2026-02-07 15:43:35.317092+00
277,73,123,129,185,Unhealthy,29.55,45.76,22,2026-02-07 15:43:40.32872+00
278,73,122,128,185,Unhealthy,29.54,45.79,22,2026-02-07 15:43:45.332296+00
279,73,124,131,186,Unhealthy,29.54,45.8,22,2026-02-07 15:43:50.322578+00
280,74,124,129,186,Unhealthy,29.54,45.79,22,2026-02-07 15:43:55.327206+00
281,73,122,127,185,Unhealthy,29.54,45.81,22,2026-02-07 15:44:00.313115+00
282,74,122,127,185,Unhealthy,29.54,45.81,22,2026-02-07 15:44:05.32047+00
283,74,122,128,185,Unhealthy,29.54,45.81,22,2026-02-07 15:44:10.328747+00
284,73,124,130,186,Unhealthy,29.54,45.81,22,2026-02-07 15:44:15.320478+00
285,73,125,131,186,Unhealthy,29.54,45.81,22,2026-02-07 15:44:20.318212+00
286,72,122,129,185,Unhealthy,29.54,45.84,22,2026-02-07 15:44:25.323849+00
287,74,122,130,185,Unhealthy,29.54,45.84,22,2026-02-07 15:44:30.316576+00
288,73,122,130,185,Unhealthy,29.54,45.79,22,2026-02-07 15:44:35.326057+00
289,74,123,132,185,Unhealthy,29.54,45.81,22,2026-02-07 15:44:40.319627+00
290,75,126,134,187,Unhealthy,29.54,45.87,22,2026-02-07 15:44:45.325093+00
291,75,126,134,187,Unhealthy,29.54,45.83,22,2026-02-07 15:44:50.318932+00
292,73,124,131,186,Unhealthy,29.54,45.86,22,2026-02-07 15:44:55.326752+00
293,73,125,129,186,Unhealthy,29.54,45.78,22,2026-02-07 15:45:00.315129+00
294,73,123,128,185,Unhealthy,29.54,45.75,22,2026-02-07 15:45:05.381054+00
295,74,122,128,185,Unhealthy,29.54,45.73,22,2026-02-07 15:45:15.319557+00
296,72,121,127,184,Unhealthy,29.54,45.72,22,2026-02-07 15:45:20.327488+00
297,74,123,127,185,Unhealthy,29.54,45.71,22,2026-02-07 15:45:25.319146+00
298,73,120,124,184,Unhealthy,29.54,45.74,22,2026-02-07 15:45:30.31772+00
299,74,122,127,185,Unhealthy,29.54,45.85,22,2026-02-07 15:45:35.324273+00
300,73,123,128,185,Unhealthy,29.53,45.92,22,2026-02-07 15:45:40.321505+00
301,74,124,132,186,Unhealthy,29.53,45.91,22,2026-02-07 15:45:45.315963+00
302,73,123,132,185,Unhealthy,29.53,45.91,22,2026-02-07 15:45:50.321664+00
303,74,125,131,186,Unhealthy,29.53,45.91,22,2026-02-07 15:45:55.321913+00
304,75,127,132,187,Unhealthy,29.53,45.89,22,2026-02-07 15:46:00.328362+00
305,73,125,128,186,Unhealthy,29.53,45.87,22,2026-02-07 15:46:05.317968+00
306,76,128,132,188,Unhealthy,29.53,45.87,22,2026-02-07 15:46:10.321336+00
307,75,126,133,187,Unhealthy,29.53,45.9,22,2026-02-07 15:46:15.319868+00
308,74,126,134,187,Unhealthy,29.53,45.91,22,2026-02-07 15:46:20.346853+00
309,74,126,133,187,Unhealthy,29.53,45.91,22,2026-02-07 15:46:25.315714+00
310,73,124,131,186,Unhealthy,29.53,45.98,22,2026-02-07 15:46:30.316102+00
311,73,121,130,184,Unhealthy,29.53,46.01,22,2026-02-07 15:46:35.313855+00
312,74,123,133,185,Unhealthy,29.53,45.99,22,2026-02-07 15:46:40.331088+00
313,73,122,130,185,Unhealthy,29.53,45.99,22,2026-02-07 15:46:45.326812+00
314,73,120,127,184,Unhealthy,29.53,45.95,22,2026-02-07 15:46:50.318747+00
315,72,118,127,183,Unhealthy,29.53,45.89,22,2026-02-07 15:47:00.327628+00
316,71,118,126,183,Unhealthy,29.52,45.87,22,2026-02-07 15:47:05.32009+00
317,74,122,130,185,Unhealthy,29.52,45.84,22,2026-02-07 15:47:10.328272+00
318,73,122,131,185,Unhealthy,29.51,45.85,22,2026-02-07 15:47:15.318308+00
319,72,124,135,186,Unhealthy,29.51,45.87,22,2026-02-07 15:47:20.318189+00
320,72,125,135,186,Unhealthy,29.51,45.88,22,2026-02-07 15:47:25.311225+00
321,74,127,135,187,Unhealthy,29.51,45.9,22,2026-02-07 15:47:30.326635+00
322,74,128,134,188,Unhealthy,29.51,45.89,22,2026-02-07 15:47:35.327707+00
323,73,126,131,187,Unhealthy,29.51,45.94,22,2026-02-07 15:47:40.319663+00
324,72,126,130,187,Unhealthy,29.51,45.98,22,2026-02-07 15:47:45.331622+00
325,71,123,127,185,Unhealthy,29.51,46.01,22,2026-02-07 15:47:50.32217+00
326,72,124,129,186,Unhealthy,29.51,46.02,22,2026-02-07 15:47:55.323379+00
327,72,122,129,185,Unhealthy,29.51,46.04,22,2026-02-07 15:48:00.327637+00
328,72,120,126,184,Unhealthy,29.52,46.03,22,2026-02-07 15:48:05.318757+00
329,72,119,125,183,Unhealthy,29.52,46.03,22,2026-02-07 15:48:10.314028+00
330,73,122,127,185,Unhealthy,29.52,46.06,22,2026-02-07 15:48:15.31819+00
331,75,125,129,186,Unhealthy,29.52,46.08,22,2026-02-07 15:48:20.317748+00
332,75,126,131,187,Unhealthy,29.52,46.08,22,2026-02-07 15:48:25.318937+00
333,74,126,130,187,Unhealthy,29.52,46.09,22,2026-02-07 15:48:30.32812+00
334,73,123,128,185,Unhealthy,29.52,46.09,22,2026-02-07 15:48:35.322725+00
335,74,125,129,186,Unhealthy,29.52,46.08,22,2026-02-07 15:48:45.326616+00
336,74,123,128,185,Unhealthy,29.52,46.05,22,2026-02-07 15:48:50.31995+00
337,74,123,129,185,Unhealthy,29.52,46.03,22,2026-02-07 15:48:55.316607+00
338,73,123,129,185,Unhealthy,29.52,46.01,22,2026-02-07 15:49:00.330646+00
339,74,122,130,185,Unhealthy,29.52,46.03,22,2026-02-07 15:49:05.31666+00
340,74,121,129,184,Unhealthy,29.52,46.03,22,2026-02-07 15:49:10.320997+00
341,73,121,130,184,Unhealthy,29.52,46.05,22,2026-02-07 15:49:15.316254+00
342,73,121,131,184,Unhealthy,29.52,46.07,22,2026-02-07 15:49:20.311968+00
343,74,123,133,185,Unhealthy,29.52,46.09,22,2026-02-07 15:49:25.326306+00
344,73,122,130,185,Unhealthy,29.52,46.07,22,2026-02-07 15:49:30.31683+00
345,75,124,134,186,Unhealthy,29.52,46.05,22,2026-02-07 15:49:35.313433+00
346,75,125,136,186,Unhealthy,29.52,46.03,22,2026-02-07 15:49:40.322474+00
347,73,123,135,185,Unhealthy,29.52,46.01,22,2026-02-07 15:49:45.321407+00
348,72,125,135,186,Unhealthy,29.52,46,22,2026-02-07 15:49:50.328566+00
349,72,126,136,187,Unhealthy,29.51,45.99,22,2026-02-07 15:49:55.320486+00
350,72,125,135,186,Unhealthy,29.51,45.99,22,2026-02-07 15:50:00.315423+00
351,73,125,135,186,Unhealthy,29.51,45.99,22,2026-02-07 15:50:05.313979+00
352,74,124,134,186,Unhealthy,29.51,45.98,22,2026-02-07 15:50:10.31308+00
353,72,121,130,184,Unhealthy,29.51,45.97,22,2026-02-07 15:50:15.324955+00
354,73,122,130,185,Unhealthy,29.51,45.96,22,2026-02-07 15:50:20.325471+00
355,74,121,128,184,Unhealthy,29.51,45.94,22,2026-02-07 15:50:25.315254+00
356,73,121,130,184,Unhealthy,29.51,45.94,22,2026-02-07 15:50:35.313862+00
357,74,123,132,185,Unhealthy,29.51,45.94,22,2026-02-07 15:50:40.316355+00
358,73,124,132,186,Unhealthy,29.51,45.93,22,2026-02-07 15:50:45.324446+00
359,74,127,134,187,Unhealthy,29.51,45.9,22,2026-02-07 15:50:50.327938+00
360,74,125,133,186,Unhealthy,29.51,45.9,21,2026-02-07 15:50:55.311592+00
361,76,126,133,187,Unhealthy,29.51,45.89,21,2026-02-07 15:51:00.311227+00
362,75,127,134,187,Unhealthy,29.51,45.89,21,2026-02-07 15:51:05.315743+00
363,76,130,136,189,Unhealthy,29.51,45.88,22,2026-02-07 15:51:10.324184+00
364,74,126,134,187,Unhealthy,29.51,45.87,21,2026-02-07 15:51:15.315596+00
365,74,127,133,187,Unhealthy,29.51,45.87,21,2026-02-07 15:51:20.312905+00
366,74,126,132,187,Unhealthy,29.51,45.87,21,2026-02-07 15:51:25.319193+00
367,74,126,135,187,Unhealthy,29.51,45.87,21,2026-02-07 15:51:30.312734+00
368,75,128,136,188,Unhealthy,29.51,45.87,21,2026-02-07 15:51:35.308459+00
369,74,126,136,187,Unhealthy,29.51,45.87,22,2026-02-07 15:51:40.318632+00
370,74,126,135,187,Unhealthy,29.51,45.87,22,2026-02-07 15:51:45.308843+00
371,75,125,135,186,Unhealthy,29.51,45.85,22,2026-02-07 15:51:50.319267+00
372,75,126,137,187,Unhealthy,29.51,45.85,22,2026-02-07 15:51:55.312872+00
373,74,128,140,188,Unhealthy,29.51,45.85,21,2026-02-07 15:52:00.309347+00
374,73,126,140,187,Unhealthy,29.51,45.88,21,2026-02-07 15:52:05.31986+00
375,73,126,138,187,Unhealthy,29.51,45.91,21,2026-02-07 15:52:10.315733+00
376,74,126,139,187,Unhealthy,29.51,45.88,21,2026-02-07 15:52:20.321389+00
377,74,127,137,187,Unhealthy,29.51,45.88,21,2026-02-07 15:52:25.315257+00
378,72,122,132,185,Unhealthy,29.51,45.87,21,2026-02-07 15:52:30.316534+00
379,74,125,134,186,Unhealthy,29.51,45.89,21,2026-02-07 15:52:35.328039+00
380,73,124,132,186,Unhealthy,29.51,45.9,21,2026-02-07 15:52:40.315564+00
381,73,125,132,186,Unhealthy,29.51,45.95,21,2026-02-07 15:52:45.307223+00
382,75,128,133,188,Unhealthy,29.51,46,21,2026-02-07 15:52:50.312828+00
383,74,126,131,187,Unhealthy,29.51,46.04,21,2026-02-07 15:52:55.324924+00
384,73,125,130,186,Unhealthy,29.51,46.11,22,2026-02-07 15:53:00.311631+00
385,74,126,131,187,Unhealthy,29.51,46.13,21,2026-02-07 15:53:05.324183+00
386,73,123,128,185,Unhealthy,29.51,46.13,21,2026-02-07 15:53:10.311064+00
387,72,122,126,185,Unhealthy,29.51,46.11,22,2026-02-07 15:53:15.314655+00
388,74,123,128,185,Unhealthy,29.51,46.09,21,2026-02-07 15:53:20.326543+00
389,74,122,127,185,Unhealthy,29.51,46.07,21,2026-02-07 15:53:25.32286+00
390,73,121,127,184,Unhealthy,29.51,46.11,21,2026-02-07 15:53:30.317739+00
391,73,121,127,184,Unhealthy,29.51,46.13,21,2026-02-07 15:53:35.317263+00
392,73,120,127,184,Unhealthy,29.51,46.16,21,2026-02-07 15:53:40.314564+00
393,73,119,126,183,Unhealthy,29.51,46.19,21,2026-02-07 15:53:45.31201+00
394,74,123,130,185,Unhealthy,29.51,46.25,21,2026-02-07 15:53:50.315906+00
395,75,124,130,186,Unhealthy,29.51,46.27,21,2026-02-07 15:53:55.319559+00
396,74,125,131,186,Unhealthy,29.51,46.27,21,2026-02-07 15:54:00.313431+00
397,73,125,130,186,Unhealthy,29.51,46.32,21,2026-02-07 15:54:10.32036+00
398,73,124,129,186,Unhealthy,29.51,46.37,21,2026-02-07 15:54:15.317771+00
399,74,125,130,186,Unhealthy,29.51,46.28,21,2026-02-07 15:54:20.324621+00
400,74,125,130,186,Unhealthy,29.51,46.18,21,2026-02-07 15:54:25.320209+00
401,74,125,131,186,Unhealthy,29.51,46.11,21,2026-02-07 15:54:30.31321+00
402,75,126,133,187,Unhealthy,29.51,46.09,21,2026-02-07 15:54:35.314303+00
403,76,128,134,188,Unhealthy,29.51,46.09,21,2026-02-07 15:54:40.318343+00
404,75,126,132,187,Unhealthy,29.51,46.07,21,2026-02-07 15:54:45.324186+00
405,77,128,135,188,Unhealthy,29.51,46.09,21,2026-02-07 15:54:50.315789+00
406,76,123,129,185,Unhealthy,29.51,46.11,21,2026-02-07 15:54:55.31789+00
407,77,125,130,186,Unhealthy,29.51,46.09,21,2026-02-07 15:55:00.322697+00
408,78,127,133,187,Unhealthy,29.51,46.07,21,2026-02-07 15:55:05.330207+00
409,77,126,131,187,Unhealthy,29.51,46.09,21,2026-02-07 15:55:10.3139+00
410,77,126,131,187,Unhealthy,29.51,46.05,21,2026-02-07 15:55:15.317237+00
411,77,126,131,187,Unhealthy,29.5,46.05,21,2026-02-07 15:55:20.315185+00
412,78,129,134,188,Unhealthy,29.5,46.09,21,2026-02-07 15:55:25.312078+00
413,76,125,131,186,Unhealthy,29.5,46.1,21,2026-02-07 15:55:30.308194+00
414,75,125,132,186,Unhealthy,29.5,46.15,21,2026-02-07 15:55:35.304883+00
415,76,127,134,187,Unhealthy,29.5,46.16,21,2026-02-07 15:55:40.317348+00
416,76,129,136,188,Unhealthy,29.5,46.17,21,2026-02-07 15:55:45.306987+00
417,75,127,134,187,Unhealthy,29.5,46.17,21,2026-02-07 15:55:55.310634+00
418,75,127,133,187,Unhealthy,29.5,46.2,21,2026-02-07 15:56:00.321504+00
419,75,126,134,187,Unhealthy,29.5,46.23,21,2026-02-07 15:56:05.306561+00
420,74,126,133,187,Unhealthy,29.5,46.26,21,2026-02-07 15:56:10.324459+00
421,74,125,133,186,Unhealthy,29.5,46.26,21,2026-02-07 15:56:15.32233+00
422,72,123,130,185,Unhealthy,29.5,46.24,21,2026-02-07 15:56:20.315709+00
423,73,124,132,186,Unhealthy,29.5,46.24,21,2026-02-07 15:56:25.314344+00
424,75,126,133,187,Unhealthy,29.5,46.19,21,2026-02-07 15:56:30.313418+00
425,75,126,132,187,Unhealthy,29.5,46.16,21,2026-02-07 15:56:35.313748+00
426,75,126,133,187,Unhealthy,29.5,46.13,21,2026-02-07 15:56:40.319227+00
427,75,126,133,187,Unhealthy,29.5,46.16,21,2026-02-07 15:56:45.310027+00
428,75,126,133,187,Unhealthy,29.5,46.26,21,2026-02-07 15:56:50.312506+00
429,75,127,135,187,Unhealthy,29.5,46.25,21,2026-02-07 15:56:55.320116+00
430,73,125,134,186,Unhealthy,29.5,46.23,21,2026-02-07 15:57:00.31148+00
431,73,127,137,187,Unhealthy,29.5,46.21,21,2026-02-07 15:57:05.311141+00
432,74,127,138,187,Unhealthy,29.5,46.17,21,2026-02-07 15:57:10.314142+00
433,75,127,138,187,Unhealthy,29.5,46.12,21,2026-02-07 15:57:15.316077+00
434,75,124,135,186,Unhealthy,29.5,46.1,21,2026-02-07 15:57:20.312061+00
435,76,126,135,187,Unhealthy,29.5,46.07,21,2026-02-07 15:57:25.313495+00
436,76,126,133,187,Unhealthy,29.5,46.06,21,2026-02-07 15:57:30.311881+00
437,77,125,130,186,Unhealthy,29.5,46.04,21,2026-02-07 15:57:35.331703+00
438,77,126,131,187,Unhealthy,29.5,46.03,21,2026-02-07 15:57:45.314595+00
439,76,128,134,188,Unhealthy,29.49,46.03,21,2026-02-07 15:57:50.303946+00
440,76,128,134,188,Unhealthy,29.49,46.03,21,2026-02-07 15:57:55.31337+00
441,75,126,132,187,Unhealthy,29.49,46.03,21,2026-02-07 15:58:00.323206+00
442,76,128,134,188,Unhealthy,29.49,46.05,21,2026-02-07 15:58:05.32503+00
443,76,129,136,188,Unhealthy,29.49,46.04,21,2026-02-07 15:58:10.320254+00
444,76,130,135,189,Unhealthy,29.48,46.11,21,2026-02-07 15:58:15.31268+00
445,75,128,132,188,Unhealthy,29.49,46.15,21,2026-02-07 15:58:20.320293+00
446,74,129,134,188,Unhealthy,29.49,46.19,21,2026-02-07 15:58:25.304084+00
447,76,130,136,189,Unhealthy,29.48,46.29,21,2026-02-07 15:58:30.308651+00
448,76,130,137,189,Unhealthy,29.48,46.42,21,2026-02-07 15:58:35.316405+00
449,75,129,136,188,Unhealthy,29.48,46.65,21,2026-02-07 15:58:40.317119+00
450,74,127,135,187,Unhealthy,29.48,46.85,21,2026-02-07 15:58:45.333866+00
451,77,130,139,189,Unhealthy,29.48,46.94,21,2026-02-07 15:58:50.322831+00
452,76,130,138,189,Unhealthy,29.48,47.02,21,2026-02-07 15:58:55.309429+00
453,75,130,137,189,Unhealthy,29.48,47.07,21,2026-02-07 15:59:00.308464+00
454,76,134,141,191,Unhealthy,29.48,47.1,21,2026-02-07 15:59:05.305216+00
455,75,133,141,191,Unhealthy,29.48,47.07,21,2026-02-07 15:59:10.306757+00
456,73,130,138,189,Unhealthy,29.48,47.02,21,2026-02-07 15:59:15.303891+00
457,74,130,137,189,Unhealthy,29.48,46.95,21,2026-02-07 15:59:20.310198+00
458,73,128,135,188,Unhealthy,29.48,46.93,21,2026-02-07 15:59:30.323927+00
459,75,127,133,187,Unhealthy,29.47,46.95,21,2026-02-07 15:59:35.310018+00
460,76,128,134,188,Unhealthy,29.47,46.97,21,2026-02-07 15:59:40.324358+00
461,74,125,133,186,Unhealthy,29.48,47.02,21,2026-02-07 15:59:45.313522+00
462,74,124,133,186,Unhealthy,29.48,47.05,21,2026-02-07 15:59:50.310086+00
463,75,125,135,186,Unhealthy,29.48,47.06,21,2026-02-07 15:59:55.314726+00
464,76,127,138,187,Unhealthy,29.48,47.07,21,2026-02-07 16:00:00.317017+00
465,76,128,138,188,Unhealthy,29.48,47.07,21,2026-02-07 16:00:05.314951+00
466,76,129,139,188,Unhealthy,29.48,47.09,21,2026-02-07 16:00:10.307994+00
467,76,131,142,189,Unhealthy,29.48,47.08,21,2026-02-07 16:00:15.318097+00
468,76,131,141,189,Unhealthy,29.48,47.09,21,2026-02-07 16:00:20.31831+00
469,76,130,138,189,Unhealthy,29.48,47.15,21,2026-02-07 16:00:25.316305+00
470,73,127,134,187,Unhealthy,29.49,47.19,21,2026-02-07 16:00:30.327669+00
471,73,127,134,187,Unhealthy,29.49,47.15,21,2026-02-07 16:00:35.320331+00
472,73,128,132,188,Unhealthy,29.49,47.06,21,2026-02-07 16:00:40.325261+00
473,73,126,131,187,Unhealthy,29.49,47,21,2026-02-07 16:00:45.320725+00
474,73,127,133,187,Unhealthy,29.48,46.99,21,2026-02-07 16:00:50.305597+00
475,76,128,136,188,Unhealthy,29.48,47,21,2026-02-07 16:00:55.321232+00
476,75,128,136,188,Unhealthy,29.49,46.99,21,2026-02-07 16:01:00.313781+00
477,76,131,140,189,Unhealthy,29.49,46.94,21,2026-02-07 16:01:05.306133+00
478,76,130,140,189,Unhealthy,29.49,46.94,21,2026-02-07 16:01:15.894675+00
479,76,130,140,189,Unhealthy,29.49,46.94,21,2026-02-07 16:01:24.487191+00
480,75,128,138,188,Unhealthy,29.49,47.01,21,2026-02-07 16:01:25.984905+00
481,73,127,135,187,Unhealthy,29.49,47.39,21,2026-02-07 16:01:26.238897+00
482,73,127,135,187,Unhealthy,29.5,47.77,20,2026-02-07 16:01:35.400082+00
483,73,126,134,187,Unhealthy,29.5,47.82,20,2026-02-07 16:01:40.400821+00
484,73,126,135,187,Unhealthy,29.5,47.63,20,2026-02-07 16:01:45.400822+00
485,74,126,134,187,Unhealthy,29.5,47.34,20,2026-02-07 16:01:50.40103+00
486,72,126,133,187,Unhealthy,29.5,47.2,20,2026-02-07 16:01:55.415779+00
487,71,127,134,187,Unhealthy,29.5,47.14,20,2026-02-07 16:02:00.401727+00
488,72,128,138,188,Unhealthy,29.5,47.03,20,2026-02-07 16:02:05.40595+00
489,71,126,136,187,Unhealthy,29.5,47.03,21,2026-02-07 16:02:10.40524+00
490,72,127,135,187,Unhealthy,29.5,47.03,20,2026-02-07 16:02:18.42198+00
491,73,127,134,187,Unhealthy,29.5,47.06,20,2026-02-07 16:02:23.671072+00
492,74,127,133,187,Unhealthy,29.5,47.06,20,2026-02-07 16:02:28.913953+00
493,74,125,131,186,Unhealthy,29.5,47.13,20,2026-02-07 16:02:34.161376+00
494,75,126,132,187,Unhealthy,29.5,47.22,20,2026-02-07 16:02:39.409217+00
495,75,127,134,187,Unhealthy,29.5,47.18,20,2026-02-07 16:02:44.647493+00
496,75,127,137,187,Unhealthy,29.5,47.18,20,2026-02-07 16:02:49.904193+00
497,75,127,137,187,Unhealthy,29.5,47.2,20,2026-02-07 16:02:55.144946+00
498,76,131,140,189,Unhealthy,29.5,47.24,20,2026-02-07 16:03:00.388006+00
499,76,130,140,189,Unhealthy,29.5,47.22,20,2026-02-07 16:03:05.63586+00
500,75,129,138,188,Unhealthy,29.5,47.15,20,2026-02-07 16:03:10.880903+00
501,74,126,134,187,Unhealthy,29.5,47.08,20,2026-02-07 16:03:11.400935+00
502,74,127,133,187,Unhealthy,29.5,47.06,20,2026-02-07 16:03:21.371619+00
503,75,125,130,186,Unhealthy,29.5,47.06,20,2026-02-07 16:03:26.615668+00
504,75,124,130,186,Unhealthy,29.5,47.05,20,2026-02-07 16:03:31.861399+00
505,75,124,132,186,Unhealthy,29.5,47.03,20,2026-02-07 16:03:37.107491+00
506,75,127,135,187,Unhealthy,29.5,47.05,20,2026-02-07 16:03:42.351877+00
507,75,128,136,188,Unhealthy,29.5,47.07,20,2026-02-07 16:03:47.59439+00
508,76,131,137,189,Unhealthy,29.5,47.08,20,2026-02-07 16:03:52.839209+00
509,76,130,136,189,Unhealthy,29.5,47.11,20,2026-02-07 16:03:58.085645+00
510,76,129,136,188,Unhealthy,29.5,47.13,20,2026-02-07 16:04:03.331895+00
511,76,128,134,188,Unhealthy,29.51,47.11,20,2026-02-07 16:04:08.57488+00
512,75,127,133,187,Unhealthy,29.51,47.13,20,2026-02-07 16:04:12.403599+00
513,77,130,136,189,Unhealthy,29.51,47.12,20,2026-02-07 16:04:19.063172+00
514,78,134,140,191,Unhealthy,29.51,47.06,20,2026-02-07 16:04:24.311999+00
515,78,136,143,192,Unhealthy,29.51,47.01,19,2026-02-07 16:04:29.555779+00
516,77,134,143,191,Unhealthy,29.51,46.98,20,2026-02-07 16:04:34.797294+00
517,76,132,142,190,Unhealthy,29.51,46.96,19,2026-02-07 16:04:40.042733+00
518,75,130,140,189,Unhealthy,29.51,46.91,19,2026-02-07 16:04:45.28253+00
519,77,132,140,190,Unhealthy,29.51,46.84,19,2026-02-07 16:04:50.531688+00
520,79,134,142,191,Unhealthy,29.51,46.8,19,2026-02-07 16:04:55.775105+00
521,78,130,139,189,Unhealthy,29.51,46.94,19,2026-02-07 16:05:01.022048+00
522,76,128,135,188,Unhealthy,29.51,47.13,19,2026-02-07 16:05:06.260375+00
523,77,129,136,188,Unhealthy,29.51,47.07,19,2026-02-07 16:05:11.504766+00
524,75,128,137,188,Unhealthy,29.51,46.95,19,2026-02-07 16:05:13.316832+00
525,75,127,136,187,Unhealthy,29.51,46.93,19,2026-02-07 16:05:20.396418+00
526,76,127,136,187,Unhealthy,29.51,46.92,19,2026-02-07 16:05:25.413691+00
527,76,126,134,187,Unhealthy,29.51,47.03,19,2026-02-07 16:05:30.404595+00
528,75,124,132,186,Unhealthy,29.51,46.96,19,2026-02-07 16:05:33.859472+00
529,75,124,133,186,Unhealthy,29.51,46.87,19,2026-02-07 16:05:40.408462+00
530,75,125,135,186,Unhealthy,29.51,46.84,19,2026-02-07 16:05:45.407558+00
531,75,127,134,187,Unhealthy,29.51,46.8,19,2026-02-07 16:05:50.404514+00
532,76,129,137,188,Unhealthy,29.51,46.74,19,2026-02-07 16:05:55.393347+00
533,78,129,139,188,Unhealthy,29.51,46.8,19,2026-02-07 16:06:00.397563+00
534,77,130,137,189,Unhealthy,29.52,46.97,19,2026-02-07 16:06:05.403682+00
535,77,131,136,189,Unhealthy,29.51,46.89,19,2026-02-07 16:06:10.396591+00
536,77,132,137,190,Unhealthy,29.51,46.78,19,2026-02-07 16:06:15.39552+00
537,78,133,138,191,Unhealthy,29.51,46.61,19,2026-02-07 16:06:20.394423+00
538,76,131,137,189,Unhealthy,29.51,46.66,19,2026-02-07 16:06:25.401104+00
539,75,127,133,187,Unhealthy,29.51,46.63,19,2026-02-07 16:06:30.398953+00
540,75,126,133,187,Unhealthy,29.51,46.58,19,2026-02-07 16:06:40.668053+00
541,75,125,134,186,Unhealthy,29.51,46.58,19,2026-02-07 16:06:45.913773+00
542,75,125,133,186,Unhealthy,29.51,46.6,19,2026-02-07 16:06:51.155584+00
543,75,124,130,186,Unhealthy,29.51,46.58,19,2026-02-07 16:06:56.403035+00
544,73,121,127,184,Unhealthy,29.51,46.58,18,2026-02-07 16:07:01.643666+00
545,73,119,126,183,Unhealthy,29.51,46.61,18,2026-02-07 16:07:06.890487+00
546,74,120,128,184,Unhealthy,29.51,46.64,18,2026-02-07 16:07:12.13323+00
547,73,119,126,183,Unhealthy,29.51,46.73,18,2026-02-07 16:07:13.393905+00
548,72,119,125,183,Unhealthy,29.51,46.8,18,2026-02-07 16:07:22.622854+00
549,73,121,127,184,Unhealthy,29.51,46.93,18,2026-02-07 16:07:27.870756+00
550,73,121,128,184,Unhealthy,29.51,46.93,18,2026-02-07 16:07:33.125513+00
551,72,121,129,184,Unhealthy,29.51,46.87,18,2026-02-07 16:07:38.355776+00
552,74,122,131,185,Unhealthy,29.51,46.82,18,2026-02-07 16:07:43.601027+00
553,73,121,129,184,Unhealthy,29.51,46.72,18,2026-02-07 16:07:48.847088+00
554,74,121,129,184,Unhealthy,29.51,46.65,18,2026-02-07 16:07:54.088495+00
555,75,123,130,185,Unhealthy,29.51,46.64,18,2026-02-07 16:07:59.335386+00
556,76,125,132,186,Unhealthy,29.5,46.71,18,2026-02-07 16:08:04.591849+00
557,76,124,131,186,Unhealthy,29.5,46.82,18,2026-02-07 16:08:09.823191+00
558,76,126,133,187,Unhealthy,29.51,46.85,18,2026-02-07 16:08:13.395734+00
559,76,126,134,187,Unhealthy,29.51,46.98,18,2026-02-07 16:08:20.31243+00
560,76,127,135,187,Unhealthy,29.51,47.09,18,2026-02-07 16:08:25.563869+00
561,76,127,135,187,Unhealthy,29.51,47.07,18,2026-02-07 16:08:27.814731+00
562,76,127,135,187,Unhealthy,29.52,46.98,18,2026-02-07 16:08:34.821057+00
563,75,127,134,187,Unhealthy,29.52,47.03,18,2026-02-07 16:08:39.828616+00
564,76,127,134,187,Unhealthy,29.52,46.88,18,2026-02-07 16:08:45.392901+00
565,75,127,133,187,Unhealthy,29.52,46.79,18,2026-02-07 16:08:50.389691+00
566,76,127,134,187,Unhealthy,29.51,46.7,18,2026-02-07 16:08:55.390071+00
567,77,129,137,188,Unhealthy,29.51,46.68,18,2026-02-07 16:09:00.397439+00
568,77,130,139,189,Unhealthy,29.51,46.79,18,2026-02-07 16:09:05.393427+00
569,77,128,136,188,Unhealthy,29.51,46.78,18,2026-02-07 16:09:10.395727+00
570,76,127,134,187,Unhealthy,29.51,46.78,18,2026-02-07 16:09:15.396062+00
571,78,127,136,187,Unhealthy,29.51,46.93,18,2026-02-07 16:09:20.403169+00
572,78,126,136,187,Unhealthy,29.51,46.92,18,2026-02-07 16:09:25.394197+00
573,77,126,134,187,Unhealthy,29.51,46.77,18,2026-02-07 16:09:30.394674+00
574,76,128,135,188,Unhealthy,29.51,46.66,18,2026-02-07 16:09:35.393493+00
575,77,128,138,188,Unhealthy,29.52,46.58,18,2026-02-07 16:09:40.401539+00
576,77,129,138,188,Unhealthy,29.52,46.6,18,2026-02-07 16:09:49.479119+00
577,78,132,141,190,Unhealthy,29.52,46.52,18,2026-02-07 16:09:54.720484+00
578,78,132,139,190,Unhealthy,29.52,46.58,18,2026-02-07 16:09:59.965564+00
579,79,133,139,191,Unhealthy,29.52,46.78,18,2026-02-07 16:10:05.211225+00
580,81,136,143,192,Unhealthy,29.52,46.79,18,2026-02-07 16:10:10.45669+00
581,81,135,143,192,Unhealthy,29.53,46.65,18,2026-02-07 16:10:13.394649+00
582,82,137,146,193,Unhealthy,29.53,46.56,18,2026-02-07 16:10:20.944558+00
583,82,135,144,192,Unhealthy,29.53,46.5,18,2026-02-07 16:10:26.190854+00
584,82,136,144,192,Unhealthy,29.53,46.48,18,2026-02-07 16:10:31.433881+00
585,81,136,143,192,Unhealthy,29.54,46.5,18,2026-02-07 16:10:36.682198+00
586,82,140,148,194,Unhealthy,29.54,46.53,18,2026-02-07 16:10:41.92767+00
587,82,139,150,194,Unhealthy,29.53,46.34,18,2026-02-07 16:10:47.174066+00
588,79,137,148,193,Unhealthy,29.53,46.13,18,2026-02-07 16:10:52.419343+00
589,80,139,150,194,Unhealthy,29.53,46.17,18,2026-02-07 16:10:57.666491+00
590,79,138,150,193,Unhealthy,29.53,46.21,18,2026-02-07 16:11:02.911805+00
591,79,138,148,193,Unhealthy,29.53,46.15,18,2026-02-07 16:11:08.152639+00
592,78,138,148,193,Unhealthy,29.53,46.06,18,2026-02-07 16:11:13.393887+00
593,78,138,147,193,Unhealthy,29.52,45.93,18,2026-02-07 16:11:18.642851+00
594,77,135,144,192,Unhealthy,29.52,45.91,18,2026-02-07 16:11:23.886992+00
595,78,135,142,192,Unhealthy,29.52,45.9,18,2026-02-07 16:11:25.843784+00
596,79,135,141,192,Unhealthy,29.52,45.96,18,2026-02-07 16:11:29.813017+00
597,79,135,141,192,Unhealthy,29.51,46.08,18,2026-02-07 16:11:34.819241+00
598,79,137,143,193,Unhealthy,29.51,46.21,18,2026-02-07 16:11:39.814222+00
599,79,137,143,193,Unhealthy,29.52,46.35,18,2026-02-07 16:11:45.389949+00
600,80,138,142,193,Unhealthy,29.52,46.37,18,2026-02-07 16:11:55.355267+00
601,79,135,141,192,Unhealthy,29.52,46.37,18,2026-02-07 16:12:00.393413+00
602,80,137,145,193,Unhealthy,29.52,46.37,18,2026-02-07 16:12:05.393463+00
603,79,133,140,191,Unhealthy,29.52,46.28,18,2026-02-07 16:12:08.403204+00
604,79,134,141,191,Unhealthy,29.52,46.27,18,2026-02-07 16:12:13.402494+00
605,79,134,140,191,Unhealthy,29.51,46.25,18,2026-02-07 16:12:18.40913+00
606,80,136,143,192,Unhealthy,29.51,46.21,18,2026-02-07 16:12:23.404478+00
607,80,134,143,191,Unhealthy,29.51,46.25,18,2026-02-07 16:12:28.40193+00
608,80,132,141,190,Unhealthy,29.51,46.36,18,2026-02-07 16:12:33.401861+00
609,80,130,140,189,Unhealthy,29.51,46.4,18,2026-02-07 16:12:38.409648+00
610,79,131,139,189,Unhealthy,29.51,46.42,18,2026-02-07 16:12:43.407218+00
611,79,130,140,189,Unhealthy,29.51,46.38,18,2026-02-07 16:12:48.407321+00
612,79,130,140,189,Unhealthy,29.51,46.42,19,2026-02-07 16:12:53.401119+00
613,78,133,141,191,Unhealthy,29.5,46.44,18,2026-02-07 16:12:58.411615+00
614,78,135,142,192,Unhealthy,29.5,46.49,18,2026-02-07 16:13:08.406378+00
615,78,135,141,192,Unhealthy,29.51,46.45,18,2026-02-07 16:13:13.404125+00
616,79,135,141,192,Unhealthy,29.51,46.44,18,2026-02-07 16:13:19.273412+00
617,80,137,143,193,Unhealthy,29.51,46.45,18,2026-02-07 16:13:24.399817+00
618,80,138,143,193,Unhealthy,29.5,46.36,18,2026-02-07 16:13:29.401218+00
619,79,136,142,192,Unhealthy,29.5,46.31,19,2026-02-07 16:13:34.403111+00
620,78,134,141,191,Unhealthy,29.5,46.25,18,2026-02-07 16:13:39.389352+00
621,79,134,142,191,Unhealthy,29.5,46.21,19,2026-02-07 16:13:44.391601+00
622,77,130,140,189,Unhealthy,29.5,46.14,19,2026-02-07 16:13:49.390899+00
623,77,130,138,189,Unhealthy,29.5,46.1,19,2026-02-07 16:13:54.390193+00
624,78,132,139,190,Unhealthy,29.5,46.14,19,2026-02-07 16:13:59.397188+00
625,80,132,140,190,Unhealthy,29.5,46.17,19,2026-02-07 16:14:04.392976+00
626,79,131,140,189,Unhealthy,29.5,46.17,19,2026-02-07 16:14:09.390946+00
627,79,133,142,191,Unhealthy,29.5,46.14,19,2026-02-07 16:14:14.389176+00
628,79,134,143,191,Unhealthy,29.51,46.2,19,2026-02-07 16:14:22.196908+00
629,79,135,145,192,Unhealthy,29.51,46.34,19,2026-02-07 16:14:27.44126+00
630,79,136,146,192,Unhealthy,29.51,46.44,19,2026-02-07 16:14:32.683958+00
631,81,140,150,194,Unhealthy,29.51,46.52,19,2026-02-07 16:14:37.928039+00
632,82,143,151,196,Unhealthy,29.52,46.63,19,2026-02-07 16:14:43.171515+00
633,83,145,153,197,Unhealthy,29.52,46.7,19,2026-02-07 16:14:48.419036+00
634,83,145,153,197,Unhealthy,29.52,46.39,19,2026-02-07 16:14:53.660076+00
635,83,145,151,197,Unhealthy,29.52,46.21,19,2026-02-07 16:14:58.904095+00
636,83,147,153,198,Unhealthy,29.51,46.13,19,2026-02-07 16:15:04.151757+00
637,81,143,149,196,Unhealthy,29.51,46.16,19,2026-02-07 16:15:08.61893+00
638,81,143,149,196,Unhealthy,29.51,46.3,19,2026-02-07 16:15:13.400045+00
639,79,137,142,193,Unhealthy,29.51,46.4,19,2026-02-07 16:15:18.399585+00
640,79,137,142,193,Unhealthy,29.52,46.45,19,2026-02-07 16:15:24.395664+00
641,78,135,141,192,Unhealthy,29.52,46.5,19,2026-02-07 16:15:29.389335+00
642,80,137,144,193,Unhealthy,29.52,46.43,19,2026-02-07 16:15:34.387846+00
643,80,136,142,192,Unhealthy,29.52,46.41,19,2026-02-07 16:15:39.385841+00
644,82,140,147,194,Unhealthy,29.52,46.52,19,2026-02-07 16:15:44.383997+00
645,81,142,149,195,Unhealthy,29.52,46.58,19,2026-02-07 16:15:49.384707+00
646,82,144,151,196,Unhealthy,29.52,46.64,19,2026-02-07 16:15:54.384645+00
647,81,141,148,195,Unhealthy,29.52,46.69,19,2026-02-07 16:15:59.392946+00
648,81,140,148,194,Unhealthy,29.52,46.72,19,2026-02-07 16:16:04.392745+00
649,83,145,154,197,Unhealthy,29.53,46.79,19,2026-02-07 16:16:09.390717+00
650,84,145,154,197,Unhealthy,29.53,46.81,19,2026-02-07 16:16:14.389602+00
651,83,144,155,196,Unhealthy,29.53,46.78,19,2026-02-07 16:16:22.806688+00
652,84,144,156,196,Unhealthy,29.54,46.76,19,2026-02-07 16:16:28.049924+00
653,83,143,153,196,Unhealthy,29.54,46.7,19,2026-02-07 16:16:33.294895+00
654,83,142,152,195,Unhealthy,29.54,46.66,19,2026-02-07 16:16:38.539683+00
655,81,141,150,195,Unhealthy,29.54,46.65,19,2026-02-07 16:16:43.782833+00
656,80,140,149,194,Unhealthy,29.54,46.66,19,2026-02-07 16:16:49.029709+00
657,80,140,148,194,Unhealthy,29.54,46.64,19,2026-02-07 16:16:54.700559+00
658,82,140,148,194,Unhealthy,29.54,46.66,19,2026-02-07 16:16:59.515395+00
659,82,140,146,194,Unhealthy,29.54,46.69,19,2026-02-07 16:17:04.758639+00
660,82,139,145,194,Unhealthy,29.54,46.64,19,2026-02-07 16:17:10.00499+00
661,83,140,146,194,Unhealthy,29.54,46.64,19,2026-02-07 16:17:13.427663+00
662,82,141,147,195,Unhealthy,29.54,46.6,19,2026-02-07 16:17:20.491524+00
663,82,140,147,194,Unhealthy,29.54,46.53,19,2026-02-07 16:17:25.737265+00
664,82,141,148,195,Unhealthy,29.54,46.52,19,2026-02-07 16:17:30.98506+00
665,82,141,148,195,Unhealthy,29.53,46.55,19,2026-02-07 16:17:36.22655+00
666,83,141,148,195,Unhealthy,29.53,46.51,19,2026-02-07 16:17:41.470565+00
667,82,138,145,193,Unhealthy,29.53,46.47,19,2026-02-07 16:17:46.719548+00
668,84,142,149,195,Unhealthy,29.53,46.42,19,2026-02-07 16:17:51.957892+00
669,83,141,146,195,Unhealthy,29.52,46.4,19,2026-02-07 16:17:52.356553+00
670,82,140,146,194,Unhealthy,29.52,46.37,19,2026-02-07 16:17:58.407051+00
671,82,141,147,195,Unhealthy,29.52,46.36,19,2026-02-07 16:18:03.402791+00
672,83,145,151,197,Unhealthy,29.52,46.49,19,2026-02-07 16:18:08.402352+00
673,82,145,151,197,Unhealthy,29.52,46.63,19,2026-02-07 16:18:13.398247+00
674,81,140,147,194,Unhealthy,29.52,46.62,19,2026-02-07 16:18:18.401665+00
675,82,139,146,194,Unhealthy,29.52,46.65,20,2026-02-07 16:18:28.399701+00
676,84,140,148,194,Unhealthy,29.53,46.64,20,2026-02-07 16:18:33.400013+00
677,83,138,146,193,Unhealthy,29.53,46.69,20,2026-02-07 16:18:38.399149+00
678,83,138,148,193,Unhealthy,29.52,46.62,20,2026-02-07 16:18:43.399144+00
679,83,139,148,194,Unhealthy,29.52,46.6,20,2026-02-07 16:18:48.400371+00
680,84,140,148,194,Unhealthy,29.52,46.56,20,2026-02-07 16:18:53.399092+00
681,83,139,148,194,Unhealthy,29.52,46.57,20,2026-02-07 16:18:58.39917+00
682,84,141,152,195,Unhealthy,29.52,46.69,20,2026-02-07 16:19:03.413432+00
683,83,140,150,194,Unhealthy,29.52,46.7,20,2026-02-07 16:19:08.406542+00
684,83,140,148,194,Unhealthy,29.53,46.69,20,2026-02-07 16:19:14.3847+00
685,82,140,147,194,Unhealthy,29.53,46.71,20,2026-02-07 16:19:18.399576+00
686,80,138,145,193,Unhealthy,29.53,46.64,20,2026-02-07 16:19:24.386928+00
687,81,140,148,194,Unhealthy,29.53,46.57,20,2026-02-07 16:19:29.384181+00
688,81,139,147,194,Unhealthy,29.52,46.49,20,2026-02-07 16:19:34.385464+00
689,82,140,149,194,Unhealthy,29.52,46.53,20,2026-02-07 16:19:39.382306+00
690,83,137,146,193,Unhealthy,29.52,46.56,20,2026-02-07 16:19:44.384035+00
691,83,139,146,194,Unhealthy,29.52,46.56,20,2026-02-07 16:19:49.382469+00
692,81,138,145,193,Unhealthy,29.52,46.56,20,2026-02-07 16:19:54.397317+00
693,81,140,148,194,Unhealthy,29.52,46.56,20,2026-02-07 16:19:59.389276+00
694,80,139,147,194,Unhealthy,29.51,46.61,20,2026-02-07 16:20:04.387817+00
695,78,135,145,192,Unhealthy,29.51,46.76,20,2026-02-07 16:20:09.390477+00
696,81,139,149,194,Unhealthy,29.51,46.84,20,2026-02-07 16:20:14.388437+00
697,80,138,147,193,Unhealthy,29.52,46.9,20,2026-02-07 16:20:19.392935+00
698,79,137,145,193,Unhealthy,29.52,46.93,20,2026-02-07 16:20:29.288433+00
699,79,137,144,193,Unhealthy,29.51,46.77,20,2026-02-07 16:20:34.537781+00
700,80,140,148,194,Unhealthy,29.52,46.77,20,2026-02-07 16:20:39.776301+00
701,80,142,150,195,Unhealthy,29.52,46.88,20,2026-02-07 16:20:45.02471+00
702,80,140,148,194,Unhealthy,29.52,46.96,20,2026-02-07 16:20:50.266485+00
703,79,137,145,193,Unhealthy,29.52,47,20,2026-02-07 16:20:55.514088+00
704,78,136,143,192,Unhealthy,29.52,46.95,20,2026-02-07 16:21:00.755732+00
705,78,138,145,193,Unhealthy,29.52,46.83,20,2026-02-07 16:21:06.004316+00
706,78,141,150,195,Unhealthy,29.52,46.82,20,2026-02-07 16:21:11.244253+00
707,78,139,148,194,Unhealthy,29.52,46.78,20,2026-02-07 16:21:13.399185+00
708,80,141,148,195,Unhealthy,29.52,46.91,20,2026-02-07 16:21:21.730803+00
709,80,140,148,194,Unhealthy,29.52,46.88,20,2026-02-07 16:21:26.987449+00
710,80,141,152,195,Unhealthy,29.52,46.9,20,2026-02-07 16:21:32.219592+00
711,80,141,154,195,Unhealthy,29.53,46.93,20,2026-02-07 16:21:37.460316+00
712,80,141,155,195,Unhealthy,29.53,47.16,20,2026-02-07 16:21:42.707934+00
713,83,148,162,198,Unhealthy,29.54,47.83,20,2026-02-07 16:21:47.951753+00
714,84,150,163,199,Unhealthy,29.54,48.55,20,2026-02-07 16:21:53.194985+00
715,86,153,165,203,Very Unhealthy,29.55,49.11,20,2026-02-07 16:21:58.443725+00
716,88,157,166,207,Very Unhealthy,29.55,49.47,19,2026-02-07 16:22:03.688292+00
717,90,160,167,210,Very Unhealthy,29.56,49.73,19,2026-02-07 16:22:08.931631+00
718,87,155,163,205,Very Unhealthy,29.56,49.68,19,2026-02-07 16:22:13.384113+00
719,87,155,164,205,Very Unhealthy,29.57,49.54,19,2026-02-07 16:22:19.420762+00
720,88,159,167,209,Very Unhealthy,29.57,49.14,19,2026-02-07 16:22:24.665229+00
721,87,156,164,206,Very Unhealthy,29.57,49.41,19,2026-02-07 16:22:29.912811+00
722,88,156,164,206,Very Unhealthy,29.57,49.68,19,2026-02-07 16:22:35.153504+00
723,88,155,165,205,Very Unhealthy,29.57,49.7,19,2026-02-07 16:22:40.413408+00
724,86,154,167,204,Very Unhealthy,29.58,49.69,19,2026-02-07 16:22:45.641522+00
725,85,150,163,199,Unhealthy,29.58,49.7,19,2026-02-07 16:22:50.881313+00
726,85,147,159,198,Unhealthy,29.58,49.57,19,2026-02-07 16:22:56.124348+00
727,84,147,159,198,Unhealthy,29.58,49.34,19,2026-02-07 16:23:01.369087+00
728,84,145,158,197,Unhealthy,29.58,49.19,19,2026-02-07 16:23:06.611582+00
729,85,146,160,197,Unhealthy,29.58,48.93,19,2026-02-07 16:23:11.857926+00
730,83,140,155,194,Unhealthy,29.58,48.52,19,2026-02-07 16:23:13.39239+00
731,86,145,160,197,Unhealthy,29.58,48.06,20,2026-02-07 16:23:22.347966+00
732,84,143,157,196,Unhealthy,29.58,47.85,20,2026-02-07 16:23:27.34021+00
733,84,142,155,195,Unhealthy,29.58,47.82,20,2026-02-07 16:23:28.399536+00
734,84,143,154,196,Unhealthy,29.58,47.79,20,2026-02-07 16:23:33.408475+00
735,82,139,149,194,Unhealthy,29.58,47.7,20,2026-02-07 16:23:38.398873+00
736,83,140,148,194,Unhealthy,29.58,47.65,20,2026-02-07 16:23:43.443201+00
737,82,140,149,194,Unhealthy,29.58,47.64,20,2026-02-07 16:23:53.397751+00
738,81,138,146,193,Unhealthy,29.57,47.53,20,2026-02-07 16:23:58.396799+00
739,83,140,146,194,Unhealthy,29.57,47.58,20,2026-02-07 16:24:03.397372+00
740,83,139,146,194,Unhealthy,29.57,47.55,20,2026-02-07 16:24:08.394939+00
741,81,137,144,193,Unhealthy,29.57,47.65,20,2026-02-07 16:24:14.390944+00
742,82,138,146,193,Unhealthy,29.57,47.36,20,2026-02-07 16:24:18.395335+00
743,82,139,145,194,Unhealthy,29.57,47.2,20,2026-02-07 16:24:23.393824+00
744,81,136,143,192,Unhealthy,29.56,47.15,20,2026-02-07 16:24:28.401271+00
745,80,135,144,192,Unhealthy,29.56,47.15,20,2026-02-07 16:24:33.400352+00
746,80,138,148,193,Unhealthy,29.56,47.26,20,2026-02-07 16:24:38.398569+00
747,79,140,151,194,Unhealthy,29.56,47.51,20,2026-02-07 16:24:43.401333+00
748,81,143,153,196,Unhealthy,29.57,47.96,20,2026-02-07 16:24:48.398575+00
749,82,145,155,197,Unhealthy,29.57,48.2,20,2026-02-07 16:24:53.397535+00
750,82,147,160,198,Unhealthy,29.57,48.41,20,2026-02-07 16:24:58.397337+00
751,84,149,165,199,Unhealthy,29.57,48.1,20,2026-02-07 16:25:03.396364+00
752,81,146,158,197,Unhealthy,29.57,47.71,20,2026-02-07 16:25:08.396503+00
753,81,143,152,196,Unhealthy,29.57,47.53,20,2026-02-07 16:25:13.396544+00
754,81,141,150,195,Unhealthy,29.57,47.93,20,2026-02-07 16:25:18.395858+00
755,81,141,150,195,Unhealthy,29.58,48.44,20,2026-02-07 16:25:23.395001+00
756,81,143,152,196,Unhealthy,29.58,48.33,20,2026-02-07 16:25:28.395229+00
757,82,144,154,196,Unhealthy,29.58,48.1,20,2026-02-07 16:25:38.40205+00
758,81,143,155,196,Unhealthy,29.58,47.87,20,2026-02-07 16:25:43.396744+00
759,83,147,157,198,Unhealthy,29.58,47.78,20,2026-02-07 16:25:48.403227+00
760,82,146,154,197,Unhealthy,29.58,47.76,20,2026-02-07 16:25:53.399777+00
761,81,145,149,197,Unhealthy,29.58,47.61,20,2026-02-07 16:25:58.398691+00
762,81,144,149,196,Unhealthy,29.58,47.53,20,2026-02-07 16:26:03.397599+00
763,82,145,151,197,Unhealthy,29.57,47.25,20,2026-02-07 16:26:08.400364+00
764,81,144,151,196,Unhealthy,29.57,47.18,20,2026-02-07 16:26:14.381926+00
765,82,144,151,196,Unhealthy,29.57,47.3,20,2026-02-07 16:26:19.390527+00
766,82,142,150,195,Unhealthy,29.57,47.39,20,2026-02-07 16:26:24.38281+00
767,82,142,150,195,Unhealthy,29.57,47.35,20,2026-02-07 16:26:29.384719+00
768,82,139,148,194,Unhealthy,29.56,47.32,20,2026-02-07 16:26:34.385729+00
769,82,139,148,194,Unhealthy,29.56,47.35,20,2026-02-07 16:26:39.395499+00
770,81,140,148,194,Unhealthy,29.56,47.37,20,2026-02-07 16:26:44.386323+00
771,81,141,150,195,Unhealthy,29.56,47.4,20,2026-02-07 16:26:49.38195+00
772,81,142,151,195,Unhealthy,29.56,47.57,20,2026-02-07 16:26:54.39118+00
773,82,143,153,196,Unhealthy,29.56,47.54,20,2026-02-07 16:26:59.381515+00
774,83,144,154,196,Unhealthy,29.56,47.32,20,2026-02-07 16:27:04.379722+00
775,83,143,152,196,Unhealthy,29.56,47.14,20,2026-02-07 16:27:09.37966+00
776,81,140,149,194,Unhealthy,29.56,47.13,20,2026-02-07 16:27:18.337125+00
777,81,141,149,195,Unhealthy,29.56,47.21,20,2026-02-07 16:27:23.580901+00
778,82,144,152,196,Unhealthy,29.56,47.22,20,2026-02-07 16:27:28.825437+00
779,82,145,154,197,Unhealthy,29.56,47.25,20,2026-02-07 16:27:34.069351+00
780,83,144,151,196,Unhealthy,29.57,47.24,20,2026-02-07 16:27:39.316041+00
781,83,143,150,196,Unhealthy,29.57,47.26,20,2026-02-07 16:27:44.558278+00
782,82,142,151,195,Unhealthy,29.57,47.23,20,2026-02-07 16:27:49.80246+00
783,82,144,153,196,Unhealthy,29.57,47.17,20,2026-02-07 16:27:55.047302+00
784,82,144,154,196,Unhealthy,29.57,47.24,20,2026-02-07 16:28:00.291541+00
785,83,141,152,195,Unhealthy,29.57,47.14,20,2026-02-07 16:28:04.494498+00
786,82,139,149,194,Unhealthy,29.57,47.01,21,2026-02-07 16:28:09.593427+00
787,83,141,151,195,Unhealthy,29.57,46.96,20,2026-02-07 16:28:14.380195+00
788,84,143,152,196,Unhealthy,29.56,46.94,21,2026-02-07 16:28:19.379932+00
789,82,142,150,195,Unhealthy,29.56,46.91,21,2026-02-07 16:28:24.394303+00
790,82,142,149,195,Unhealthy,29.56,46.93,21,2026-02-07 16:28:29.378873+00
791,81,140,147,194,Unhealthy,29.56,46.94,21,2026-02-07 16:28:34.379334+00
792,82,142,150,195,Unhealthy,29.56,46.84,21,2026-02-07 16:28:39.379465+00
793,81,141,148,195,Unhealthy,29.56,46.86,21,2026-02-07 16:28:44.381902+00
794,82,144,150,196,Unhealthy,29.56,46.91,21,2026-02-07 16:28:48.394817+00
795,82,142,148,195,Unhealthy,29.57,46.89,21,2026-02-07 16:28:53.566544+00
796,81,140,146,194,Unhealthy,29.57,46.88,21,2026-02-07 16:28:58.394422+00
797,82,141,148,195,Unhealthy,29.57,46.86,21,2026-02-07 16:29:04.632501+00
798,82,142,151,195,Unhealthy,29.57,46.89,21,2026-02-07 16:29:10.385435+00
799,81,138,147,193,Unhealthy,29.57,46.89,21,2026-02-07 16:29:15.382405+00
800,80,136,144,192,Unhealthy,29.57,46.91,21,2026-02-07 16:29:20.378509+00
801,81,139,145,194,Unhealthy,29.58,46.89,21,2026-02-07 16:29:25.37991+00
802,80,135,141,192,Unhealthy,29.58,46.91,21,2026-02-07 16:29:30.387728+00
803,81,138,144,193,Unhealthy,29.58,46.91,21,2026-02-07 16:29:35.385214+00
804,82,141,148,195,Unhealthy,29.58,46.85,21,2026-02-07 16:29:40.378609+00
805,82,139,147,194,Unhealthy,29.57,46.82,21,2026-02-07 16:29:45.390391+00
